event_type,sample_count,valid_sample_count,skipped_sample_count,failed_quality_count,warning_quality_count,avg_asset_return_1h,avg_asset_return_4h,avg_asset_return_24h,avg_asset_return_72h,avg_abnormal_vs_btc_1h,avg_abnormal_vs_btc_4h,avg_abnormal_vs_btc_24h,avg_abnormal_vs_btc_72h,avg_abnormal_vs_eth_1h,avg_abnormal_vs_eth_4h,avg_abnormal_vs_eth_24h,avg_abnormal_vs_eth_72h,median_abnormal_vs_btc_24h,median_abnormal_vs_eth_24h,win_rate_vs_btc_1h,win_rate_vs_btc_4h,win_rate_vs_btc_24h,win_rate_vs_btc_72h,win_rate_vs_eth_1h,win_rate_vs_eth_4h,win_rate_vs_eth_24h,win_rate_vs_eth_72h,best_case_title,best_case_abnormal_vs_btc_24h,worst_case_title,worst_case_abnormal_vs_btc_24h
institutional_flow,2,2,0,0,0,0.0022577994098169,0.0378359259136271,0.026450603456411002,-0.026013499817361802,0.00089431104064295,0.0274920135006511,0.018740164807262,0.00471591528833655,-0.0123698522692069,0.006149379447806601,-0.003903168884833951,-0.0415551313807401,0.018740164807262,-0.003903168884833951,0.5,0.5,0.5,0.5,0.0,0.5,0.5,0.5,Solana ETF filing reported,0.037480329614524,US spot Bitcoin ETFs approved,0.0
market_structure,1,1,0,0,0,-0.001653291255647,0.0001155796318537,-0.0250355532997984,-0.0849610798152735,-0.0037999819724063,-0.0078005325975465,-0.0187826491183167,-0.0210500660800773,0.0,0.0,0.0,0.0,-0.0187826491183167,0.0,0.0,0.0,0.0,0.0,0.0,0.0,0.0,0.0,Ethereum Dencun upgrade activated,-0.0187826491183167,Ethereum Dencun upgrade activated,-0.0187826491183167
other,1,0,1,1,0,,,,,,,,,,,,,,,,,,,,,,,,,,
token_unlock,1,1,0,0,0,0.0002083333333333,-0.0014583333333333,-0.0033333333333332,-0.0541666666666665,0.0052668009768231,0.0080230342780937,0.0066538652401634,0.0251753137792769,0.0016921446085804,0.007054962245883,0.0112956708803469,0.0338594346621752,0.0066538652401634,0.0112956708803469,1.0,1.0,1.0,1.0,1.0,1.0,1.0,1.0,Large XRP token unlock observed,0.0066538652401634,Large XRP token unlock observed,0.0066538652401634
