direction_hint,sample_count,valid_sample_count,skipped_sample_count,failed_quality_count,warning_quality_count,avg_asset_return_1h,avg_asset_return_4h,avg_asset_return_24h,avg_asset_return_72h,avg_abnormal_vs_btc_1h,avg_abnormal_vs_btc_4h,avg_abnormal_vs_btc_24h,avg_abnormal_vs_btc_72h,avg_abnormal_vs_eth_1h,avg_abnormal_vs_eth_4h,avg_abnormal_vs_eth_24h,avg_abnormal_vs_eth_72h,median_abnormal_vs_btc_24h,median_abnormal_vs_eth_24h,win_rate_vs_btc_1h,win_rate_vs_btc_4h,win_rate_vs_btc_24h,win_rate_vs_btc_72h,win_rate_vs_eth_1h,win_rate_vs_eth_4h,win_rate_vs_eth_24h,win_rate_vs_eth_72h,best_case_title,best_case_abnormal_vs_btc_24h,worst_case_title,worst_case_abnormal_vs_btc_24h
observe,2,1,1,1,0,0.0034490191851692,0.0607171085722499,0.0454120859380615,0.0150176043687577,0.0017886220812859,0.0549840270013022,0.037480329614524,0.0094318305766731,-0.0051414760747914,0.0476464028657066,0.0314283098194037,0.0196358029483607,0.037480329614524,0.0314283098194037,1.0,1.0,1.0,1.0,0.0,1.0,1.0,1.0,Solana ETF filing reported,0.037480329614524,Solana ETF filing reported,0.037480329614524
positive,2,2,0,0,0,-0.0002933558105912,0.007535161443429,-0.00877321616251895,-0.0760028419093774,-0.00189999098620315,-0.00390026629877325,-0.00939132455915835,-0.01052503304003865,-0.0097991142318112,-0.0176738219850467,-0.0196173237945358,-0.05137303285492045,-0.00939132455915835,-0.0196173237945358,0.0,0.0,0.0,0.0,0.0,0.0,0.0,0.0,US spot Bitcoin ETFs approved,0.0,Ethereum Dencun upgrade activated,-0.0187826491183167
risk,1,1,0,0,0,0.0002083333333333,-0.0014583333333333,-0.0033333333333332,-0.0541666666666665,0.0052668009768231,0.0080230342780937,0.0066538652401634,0.0251753137792769,0.0016921446085804,0.007054962245883,0.0112956708803469,0.0338594346621752,0.0066538652401634,0.0112956708803469,1.0,1.0,1.0,1.0,1.0,1.0,1.0,1.0,Large XRP token unlock observed,0.0066538652401634,Large XRP token unlock observed,0.0066538652401634
