address,entity,asset,side,entry_px_raw,implied_entry,deviation_pct,blocked,reason
0x6c8512516ce566,Matrixport Related,ETH,long,2265.44,2265.444124330225,0.00018205393726317262,False,pass
0x8def9f50456c6c,loraclexyz,TON,long,1.86584,1.8658430240962292,0.00016207666937438143,False,pass
0x8def9f50456c6c,loraclexyz,HYPE,short,45.5093,45.50936407845787,0.00014080279776564511,False,pass
0x8def9f50456c6c,loraclexyz,VVV,short,18.9744,18.9744936128808,0.0004933616817919201,False,pass
0x8def9f50456c6c,loraclexyz,LIT,short,1.195291,1.195291608310156,5.0892196646722994e-05,False,pass
0x082e843a431aef,Unknown HYPE Whale,HYPE,long,38.6755,38.675565323631375,0.00016890155535831852,False,pass
0x8def9f50456c6c,loraclexyz,ASTER,long,0.74332,0.7433201635868358,2.200758756035625e-05,False,pass
0x8def9f50456c6c,loraclexyz,ZEC,long,543.6207,543.620793340003,1.7170057535380712e-05,False,pass
0x8def9f50456c6c,loraclexyz,XMR,long,339.703,339.70307697678595,2.266002023342661e-05,False,pass
