direction_hint,sample_count,valid_sample_count,skipped_sample_count,failed_quality_count,warning_quality_count,avg_asset_return_1h,avg_asset_return_4h,avg_asset_return_24h,avg_asset_return_72h,avg_abnormal_vs_btc_1h,avg_abnormal_vs_btc_4h,avg_abnormal_vs_btc_24h,avg_abnormal_vs_btc_72h,avg_abnormal_vs_eth_1h,avg_abnormal_vs_eth_4h,avg_abnormal_vs_eth_24h,avg_abnormal_vs_eth_72h,median_abnormal_vs_btc_24h,median_abnormal_vs_eth_24h,win_rate_vs_btc_1h,win_rate_vs_btc_4h,win_rate_vs_btc_24h,win_rate_vs_btc_72h,win_rate_vs_eth_1h,win_rate_vs_eth_4h,win_rate_vs_eth_24h,win_rate_vs_eth_72h,best_case_title,best_case_abnormal_vs_btc_24h,worst_case_title,worst_case_abnormal_vs_btc_24h
observe,26,26,0,0,0,3.7612572724932616e-05,0.00343763712106705,0.00033832076321073433,0.01164257451085962,-0.0002977173613783115,0.0012319421747122692,-0.000966167183001823,0.0012102583384418345,-0.00028942994758156596,-0.0022688757122206692,0.00034148021595900395,0.0023359284190680885,0.0,0.0,0.11538461538461539,0.3076923076923077,0.15384615384615385,0.23076923076923078,0.38461538461538464,0.07692307692307693,0.34615384615384615,0.46153846153846156,Ethereum Foundation 研究员 Carl Beek 与 Julian Ma 于周一宣布离职。其中，Carl Beek 在以太坊工作约 7 年，曾参与 Beacon Chain 及以太坊 PoS 升级；Julian Ma 在以,0.00400295126346,Crude Oil Prices: Brent and WTI Rise as Markets Respond to Trump-Xi Trade Talks,-0.0136653895748045
risk,11,11,0,0,0,0.0013306913050845184,0.0027023561184639448,-0.004999610903043845,0.0055725627944436,0.0010440332467159274,0.0030812411443260457,-0.003868880959936691,-0.00344550966673771,0.0005563209777557,-0.0010522431428462886,-0.00015237054399240888,0.00012406675850332708,-0.0056451610982883,0.0,0.7272727272727273,0.7272727272727273,0.18181818181818182,0.18181818181818182,0.2727272727272727,0.09090909090909091,0.18181818181818182,0.18181818181818182,Standard Chartered: $4T tokenized by 2028,0.0053453939497289,XRP price slips 2% on profit taking,-0.0219268732534224
