direction_hint,sample_count,valid_sample_count,skipped_sample_count,failed_quality_count,warning_quality_count,avg_asset_return_1h,avg_asset_return_4h,avg_asset_return_24h,avg_asset_return_72h,avg_abnormal_vs_btc_1h,avg_abnormal_vs_btc_4h,avg_abnormal_vs_btc_24h,avg_abnormal_vs_btc_72h,avg_abnormal_vs_eth_1h,avg_abnormal_vs_eth_4h,avg_abnormal_vs_eth_24h,avg_abnormal_vs_eth_72h,median_abnormal_vs_btc_24h,median_abnormal_vs_eth_24h,win_rate_vs_btc_1h,win_rate_vs_btc_4h,win_rate_vs_btc_24h,win_rate_vs_btc_72h,win_rate_vs_eth_1h,win_rate_vs_eth_4h,win_rate_vs_eth_24h,win_rate_vs_eth_72h,best_case_title,best_case_abnormal_vs_btc_24h,worst_case_title,worst_case_abnormal_vs_btc_24h
observe,177,177,0,0,0,-0.00011183591424859117,0.0014972390681959123,-0.0012833046959672136,0.009075535402464082,-1.685254629763953e-05,0.00041567613400349913,-0.0011557724745222596,-0.000593153144046195,-0.0005708210121860591,-0.003054795268151544,0.0018467862294793437,0.002277657425099844,0.0,0.0020171900333081,0.07909604519774012,0.14689265536723164,0.01694915254237288,0.04519774011299435,0.3728813559322034,0.13559322033898305,0.5480225988700564,0.5536723163841808,Ethereum Foundation 研究员 Carl Beek 与 Julian Ma 于周一宣布离职。其中，Carl Beek 在以太坊工作约 7 年，曾参与 Beacon Chain 及以太坊 PoS 升级；Julian Ma 在以,0.00400295126346,Revolut launches first physical crypto card,-0.013682770068283
risk,23,23,0,0,0,-4.569932520764352e-05,0.0022916137928072526,-0.004290355274410779,0.010076418725889125,0.00016298614380561298,0.001597571409925022,-0.003811056177340722,-0.0001077034137395043,0.00018236242186302172,-0.002402930105732147,-0.00043193236408381735,0.003017909466061096,-0.0035054177497813,0.0,0.43478260869565216,0.5217391304347826,0.08695652173913043,0.30434782608695654,0.34782608695652173,0.13043478260869565,0.2608695652173913,0.43478260869565216,Standard Chartered: $4T tokenized by 2028,0.0053453939497289,XRP price slips 2% on profit taking,-0.0219268732534224
