direction_hint,sample_count,valid_sample_count,skipped_sample_count,failed_quality_count,warning_quality_count,avg_asset_return_1h,avg_asset_return_4h,avg_asset_return_24h,avg_asset_return_72h,avg_abnormal_vs_btc_1h,avg_abnormal_vs_btc_4h,avg_abnormal_vs_btc_24h,avg_abnormal_vs_btc_72h,avg_abnormal_vs_eth_1h,avg_abnormal_vs_eth_4h,avg_abnormal_vs_eth_24h,avg_abnormal_vs_eth_72h,median_abnormal_vs_btc_24h,median_abnormal_vs_eth_24h,win_rate_vs_btc_1h,win_rate_vs_btc_4h,win_rate_vs_btc_24h,win_rate_vs_btc_72h,win_rate_vs_eth_1h,win_rate_vs_eth_4h,win_rate_vs_eth_24h,win_rate_vs_eth_72h,best_case_title,best_case_abnormal_vs_btc_24h,worst_case_title,worst_case_abnormal_vs_btc_24h
observe,12,12,0,0,0,0.0038938657693613995,0.004281522779850933,-0.0047053074406040495,0.009235439403774,0.0017468952737371083,0.0018947779985513998,-0.006729120220267675,-0.0007987325314461081,-0.000556403488631116,-0.001460844930997225,-0.005645837161348967,0.0008193324787451919,-0.00673558639608205,-0.00369653113951195,0.6666666666666666,0.6666666666666666,0.08333333333333333,0.4166666666666667,0.3333333333333333,0.4166666666666667,0.0,0.5833333333333334,"Stablecoins aren't just a US story.

@John1wu spoke to @LowBeta on what @avax is quietly building across Asia and LatAm:",0.0010159438014498,$1.80 or $1.00? Analyst Maps Out XRP's Next Big Move - U.Today,-0.0157030536367283
risk,8,8,0,0,0,-0.0010336745050734748,0.0027670917676028504,-0.006859558895649175,0.01501127403652,-0.0008779697972034126,0.0006304071688177874,-0.007405977297749212,0.003361968401846575,-0.0008742702823630124,-0.0034269713757117248,-0.0049217460664501,0.00553419421846405,-0.00592553507576765,-0.00459226914510085,0.375,0.625,0.0,0.625,0.375,0.25,0.25,0.75,Ethereum Founder Vitalik Buterin Says AI Verification Could Help Secure Crypto Networks - Decrypt,-0.0033689182370202,XRP price slips 2% on profit taking,-0.0219268732534224
