direction_hint,sample_count,valid_sample_count,skipped_sample_count,failed_quality_count,warning_quality_count,avg_asset_return_1h,avg_asset_return_4h,avg_asset_return_24h,avg_asset_return_72h,avg_abnormal_vs_btc_1h,avg_abnormal_vs_btc_4h,avg_abnormal_vs_btc_24h,avg_abnormal_vs_btc_72h,avg_abnormal_vs_eth_1h,avg_abnormal_vs_eth_4h,avg_abnormal_vs_eth_24h,avg_abnormal_vs_eth_72h,median_abnormal_vs_btc_24h,median_abnormal_vs_eth_24h,win_rate_vs_btc_1h,win_rate_vs_btc_4h,win_rate_vs_btc_24h,win_rate_vs_btc_72h,win_rate_vs_eth_1h,win_rate_vs_eth_4h,win_rate_vs_eth_24h,win_rate_vs_eth_72h,best_case_title,best_case_abnormal_vs_btc_24h,worst_case_title,worst_case_abnormal_vs_btc_24h
observe,135,135,0,0,0,0.003855951202264662,0.008459175424140068,0.049667274409148095,0.04183746076394276,0.003477095389188093,0.008931144850452283,0.0495228650520096,0.061745285735454555,0.0034447361905489368,0.008975241712990356,0.05001899714084482,0.06394895308295354,0.0137656472008121,0.0152766662932375,0.6962962962962963,0.6444444444444445,0.9037037037037037,0.8222222222222222,0.6962962962962963,0.7185185185185186,0.8962962962962963,0.8592592592592593,【知名交易员Loracle「 HYPE 空仓 TOP 1」】HYPE 空单 浮亏扩大！,0.2066048318816618,TRX 固定促銷，享年化收益 8%！,-0.0055489059777611
risk,36,36,0,0,0,0.0014430542321336856,0.003267672734551998,0.010066234205739408,-0.011910864764010614,0.00032762194968024633,0.0017201542741104414,0.009390085882556791,0.010308584692078598,0.0003140536078173361,0.002077546493381926,0.010583581115361403,0.015374573095510923,0.00772950380737855,0.00744207180188605,0.5,0.5,0.6388888888888888,0.5,0.4722222222222222,0.7222222222222222,0.6944444444444444,0.8055555555555556,SEC Chair Paul Atkins Signals a New Era for Crypto — XRP Leads the Conversation,0.2034265455212356,GitHub Internal Repositories Breached via VS Code Extension,-0.0102979886491755
